{
  "geometricError": 90.0,
  "root": {
    "box": [
      0.23393207,
      0.916170025,
      0.234315565,
      0.916457646,
      31.9,
      106.2
    ],
    "geometricError": 60.0,
    "children": [
      {
        "box": [
          0.23393207,
          0.916170025,
          0.234043228,
          0.916266368,
          34.4,
          72.4
        ],
        "refine": "replace",
        "geometricError": 10.0,
        "content": {
          "url": "15/35208/6827.b3dm",
          "type": "b3dm",
          "box": [
            0.23394838,
            0.916218793,
            0.234043228,
            0.916266368,
            34.4,
            72.4
          ],
          "batchSize": 8
        }
      },
      {
        "box": [
          0.23393207,
          0.916263887,
          0.234033062,
          0.91636842,
          32.4,
          106.2
        ],
        "refine": "replace",
        "geometricError": 10.0,
        "content": {
          "url": "15/35208/6826.b3dm",
          "type": "b3dm",
          "box": [
            0.23394323,
            0.916263887,
            0.234033062,
            0.91636842,
            32.4,
            106.2
          ],
          "batchSize": 103
        }
      },
      {
        "box": [
          0.23393207,
          0.916361069,
          0.234031413,
          0.916457646,
          34.3,
          74.1
        ],
        "refine": "replace",
        "geometricError": 10.0,
        "content": {
          "url": "15/35208/6825.b3dm",
          "type": "b3dm",
          "box": [
            0.233937349,
            0.916361069,
            0.234031413,
            0.916394934,
            34.3,
            74.1
          ],
          "batchSize": 30
        }
      },
      {
        "box": [
          0.234027943,
          0.916170025,
          0.234125177,
          0.91626802,
          32.6,
          75.1
        ],
        "refine": "replace",
        "geometricError": 10.0,
        "content": {
          "url": "15/35209/6827.b3dm",
          "type": "b3dm",
          "box": [
            0.234043088,
            0.916225931,
            0.234125177,
            0.91626802,
            32.6,
            75.1
          ],
          "batchSize": 44
        }
      },
      {
        "box": [
          0.234026363,
          0.916265899,
          0.23413059,
          0.916363325,
          31.9,
          85.0
        ],
        "refine": "replace",
        "geometricError": 10.0,
        "content": {
          "url": "15/35209/6826.b3dm",
          "type": "b3dm",
          "box": [
            0.234026363,
            0.916266041,
            0.23413059,
            0.916363325,
            31.9,
            85.0
          ],
          "batchSize": 148
        }
      },
      {
        "box": [
          0.234019833,
          0.916359079,
          0.234125391,
          0.916457646,
          32.2,
          67.7
        ],
        "refine": "replace",
        "geometricError": 10.0,
        "content": {
          "url": "15/35209/6825.b3dm",
          "type": "b3dm",
          "box": [
            0.234019833,
            0.916359079,
            0.234125391,
            0.91640355,
            32.2,
            67.7
          ],
          "batchSize": 36
        }
      },
      {
        "box": [
          0.2341234,
          0.916170025,
          0.23422038,
          0.91626835,
          33.0,
          68.6
        ],
        "refine": "replace",
        "geometricError": 10.0,
        "content": {
          "url": "15/35210/6827.b3dm",
          "type": "b3dm",
          "box": [
            0.2341234,
            0.916222098,
            0.23422038,
            0.91626835,
            33.0,
            68.6
          ],
          "batchSize": 48
        }
      },
      {
        "box": [
          0.234121753,
          0.916263389,
          0.234223391,
          0.91636457,
          33.0,
          74.1
        ],
        "refine": "replace",
        "geometricError": 10.0,
        "content": {
          "url": "15/35210/6826.b3dm",
          "type": "b3dm",
          "batchSize": 268
        }
      },
      {
        "box": [
          0.234121359,
          0.916358655,
          0.234223584,
          0.916457646,
          33.4,
          64.0
        ],
        "refine": "replace",
        "geometricError": 10.0,
        "content": {
          "url": "15/35210/6825.b3dm",
          "type": "b3dm",
          "box": [
            0.234121359,
            0.916358655,
            0.234223584,
            0.916396835,
            33.4,
            64.0
          ],
          "batchSize": 73
        }
      },
      {
        "box": [
          0.234215484,
          0.916265899,
          0.234315565,
          0.916361773,
          34.6,
          53.5
        ],
        "refine": "replace",
        "geometricError": 10.0,
        "content": {
          "url": "15/35211/6826.b3dm",
          "type": "b3dm",
          "box": [
            0.234215484,
            0.91629262,
            0.234229412,
            0.916300275,
            34.6,
            53.5
          ],
          "batchSize": 1
        }
      }
    ]
  }
}