{"available": [[{"endY": 0, "endX": 1, "startX": 0, "startY": 0}], [{"endY": 1, "endX": 3, "startX": 0, "startY": 0}], [{"endY": 3, "endX": 7, "startX": 0, "startY": 0}], [{"endY": 6, "endX": 8, "startX": 8, "startY": 6}], [{"endY": 12, "endX": 17, "startX": 17, "startY": 12}], [{"endY": 25, "endX": 34, "startX": 34, "startY": 25}], [{"endY": 50, "endX": 68, "startX": 68, "startY": 50}], [{"endY": 101, "endX": 137, "startX": 137, "startY": 101}], [{"endY": 203, "endX": 275, "startX": 274, "startY": 202}], [{"endY": 405, "endX": 550, "startX": 550, "startY": 405}], [{"endY": 810, "endX": 1100, "startX": 1100, "startY": 810}], [{"endY": 1621, "endX": 2200, "startX": 2200, "startY": 1621}], [{"endY": 3242, "endX": 4401, "startX": 4400, "startY": 3242}], [{"endY": 6485, "endX": 8803, "startX": 8801, "startY": 6484}], [{"endY": 12971, "endX": 17606, "startX": 17603, "startY": 12969}], [{"endY": 25943, "endX": 35212, "startX": 35206, "startY": 25939}], [{"endY": 51886, "endX": 70424, "startX": 70413, "startY": 51879}]], "tiles": ["{z}/{x}/{y}.terrain?v={version}"], "projection": "EPSG:4326", "format": "quantized-mesh-1.0", "bounds": [-180.0, -90.0, 180.0, 90.0], "minzoom": 0, "version": "1.1445326070.62", "extensions": ["octvertexnormals"], "maxzoom": 16, "tilejson": "2.1.0", "scheme": "tms"}